{"loss": 10590.349609375, "_timestamp": 1672945627.7937636, "_runtime": 133.37271571159363, "_step": 2999, "gradients/Decoder.FC_output.bias": {"_type": "histogram", "values": [1.0, 0.0, 0.0, 0.0, 0.0, 1.0, 1.0, 0.0, 1.0, 0.0, 0.0, 1.0, 2.0, 1.0, 0.0, 2.0, 0.0, 2.0, 3.0, 1.0, 3.0, 3.0, 3.0, 4.0, 4.0, 3.0, 7.0, 3.0, 5.0, 5.0, 10.0, 18.0, 22.0, 12.0, 32.0, 30.0, 33.0, 46.0, 300.0, 34.0, 32.0, 20.0, 12.0, 22.0, 15.0, 10.0, 14.0, 13.0, 8.0, 8.0, 6.0, 3.0, 6.0, 2.0, 4.0, 3.0, 2.0, 0.0, 1.0, 1.0, 2.0, 3.0, 2.0, 2.0], "bins": [-7.906322956085205, -7.699070453643799, -7.491817951202393, -7.284565448760986, -7.077313423156738, -6.870060920715332, -6.662808418273926, -6.4555559158325195, -6.248303413391113, -6.041050910949707, -5.833798408508301, -5.6265459060668945, -5.419293403625488, -5.212040901184082, -5.004788875579834, -4.797536373138428, -4.5902838706970215, -4.383031368255615, -4.175778865814209, -3.968526601791382, -3.7612740993499756, -3.5540215969085693, -3.346769332885742, -3.139516830444336, -2.9322643280029297, -2.7250118255615234, -2.517759323120117, -2.31050705909729, -2.103254556655884, -1.8960020542144775, -1.6887496709823608, -1.4814972877502441, -1.274245262145996, -1.0669927597045898, -0.8597403764724731, -0.6524879336357117, -0.4452354907989502, -0.23798298835754395, -0.030730605125427246, 0.17652177810668945, 0.3837742805480957, 0.5910267233848572, 0.7982791662216187, 1.0055315494537354, 1.2127840518951416, 1.4200365543365479, 1.6272889375686646, 1.8345413208007812, 2.0417938232421875, 2.2490463256835938, 2.456298828125, 2.663551092147827, 2.8708035945892334, 3.0780560970306396, 3.285308361053467, 3.492560863494873, 3.6998133659362793, 3.9070658683776855, 4.114318370819092, 4.321570873260498, 4.528822898864746, 4.736075401306152, 4.943327903747559, 5.150580406188965, 5.357832908630371]}, "gradients/Decoder.FC_output.weight": {"_type": "histogram", "values": [1.0, 4.0, 3.0, 1.0, 8.0, 13.0, 18.0, 25.0, 28.0, 33.0, 79.0, 100.0, 97.0, 138.0, 215.0, 314.0, 441.0, 556.0, 691.0, 966.0, 1192.0, 1566.0, 2010.0, 2661.0, 3605.0, 4420.0, 5730.0, 7308.0, 9825.0, 12748.0, 17480.0, 141880.0, 34536.0, 16351.0, 11354.0, 8628.0, 6557.0, 5211.0, 4091.0, 3144.0, 2366.0, 1784.0, 1429.0, 1042.0, 742.0, 618.0, 430.0, 346.0, 236.0, 170.0, 129.0, 75.0, 62.0, 42.0, 35.0, 21.0, 16.0, 9.0, 7.0, 3.0, 6.0, 2.0, 1.0, 1.0], "bins": [-10.73276424407959, -10.395230293273926, -10.057697296142578, -9.720163345336914, -9.382630348205566, -9.045096397399902, -8.707563400268555, -8.37002944946289, -8.032495498657227, -7.694962024688721, -7.357428550720215, -7.019894599914551, -6.682361125946045, -6.344827651977539, -6.007294178009033, -5.669760704040527, -5.3322272300720215, -4.994693756103516, -4.65716028213501, -4.319626808166504, -3.98209285736084, -3.644559383392334, -3.307025909423828, -2.969492197036743, -2.6319589614868164, -2.2944254875183105, -1.9568917751312256, -1.6193583011627197, -1.2818247079849243, -0.9442911148071289, -0.606757640838623, -0.2692239284515381, 0.06830978393554688, 0.4058433473110199, 0.7433769106864929, 1.0809104442596436, 1.418444037437439, 1.7559776306152344, 2.0935111045837402, 2.431044816970825, 2.76857852935791, 3.106112003326416, 3.443645715713501, 3.781179189682007, 4.118712902069092, 4.456246376037598, 4.7937798500061035, 5.131313323974609, 5.468846797943115, 5.806380271911621, 6.143913745880127, 6.481447219848633, 6.818981170654297, 7.156514644622803, 7.494048118591309, 7.831582069396973, 8.16911506652832, 8.506649017333984, 8.844182014465332, 9.181715965270996, 9.519248962402344, 9.856782913208008, 10.194316864013672, 10.53184986114502, 10.869383811950684]}, "gradients/Decoder.FC_hidden.bias": {"_type": "histogram", "values": [1.0, 1.0, 0.0, 2.0, 2.0, 2.0, 2.0, 0.0, 1.0, 0.0, 3.0, 2.0, 5.0, 5.0, 6.0, 3.0, 6.0, 7.0, 3.0, 4.0, 13.0, 9.0, 7.0, 14.0, 7.0, 16.0, 9.0, 7.0, 13.0, 8.0, 11.0, 15.0, 12.0, 15.0, 22.0, 19.0, 14.0, 10.0, 13.0, 16.0, 10.0, 6.0, 11.0, 7.0, 7.0, 5.0, 5.0, 4.0, 8.0, 5.0, 8.0, 2.0, 3.0, 1.0, 3.0, 2.0, 3.0, 0.0, 1.0, 0.0, 0.0, 2.0, 1.0, 1.0], "bins": [-12.835383415222168, -12.435159683227539, -12.03493595123291, -11.634712219238281, -11.234489440917969, -10.83426570892334, -10.434041976928711, -10.033818244934082, -9.633594512939453, -9.233370780944824, -8.833147048950195, -8.432924270629883, -8.032700538635254, -7.632476806640625, -7.232253074645996, -6.832029342651367, -6.4318060874938965, -6.031582355499268, -5.631359100341797, -5.231135368347168, -4.830911636352539, -4.43068790435791, -4.0304646492004395, -3.6302409172058105, -3.23001766204834, -2.82979416847229, -2.429570436477661, -2.0293469429016113, -1.629123330116272, -1.2288997173309326, -0.8286762237548828, -0.4284524917602539, -0.028228759765625, 0.37199482321739197, 0.7722184062004089, 1.1724419593811035, 1.5726655721664429, 1.9728891849517822, 2.373112678527832, 2.773336410522461, 3.17356014251709, 3.5737836360931396, 3.9740073680877686, 4.374230861663818, 4.774454593658447, 5.174677848815918, 5.574901580810547, 5.975125312805176, 6.3753485679626465, 6.775572299957275, 7.175795555114746, 7.576019287109375, 7.976243019104004, 8.376466751098633, 8.776689529418945, 9.17691421508789, 9.577136993408203, 9.977360725402832, 10.377584457397461, 10.777807235717773, 11.178030967712402, 11.578254699707031, 11.97847843170166, 12.378702163696289, 12.778925895690918]}, "gradients/Decoder.FC_hidden.weight": {"_type": "histogram", "values": [1.0, 0.0, 0.0, 0.0, 2.0, 3.0, 1.0, 1.0, 1.0, 1.0, 5.0, 6.0, 7.0, 10.0, 6.0, 20.0, 19.0, 28.0, 29.0, 46.0, 59.0, 91.0, 104.0, 147.0, 184.0, 210.0, 274.0, 309.0, 377.0, 403.0, 513.0, 524.0, 549.0, 577.0, 525.0, 519.0, 465.0, 366.0, 321.0, 278.0, 206.0, 197.0, 135.0, 120.0, 95.0, 62.0, 39.0, 44.0, 31.0, 19.0, 22.0, 13.0, 6.0, 6.0, 6.0, 3.0, 9.0, 1.0, 2.0, 0.0, 0.0, 1.0, 1.0, 1.0], "bins": [-22.120635986328125, -21.44884490966797, -20.777053833007812, -20.105262756347656, -19.4334716796875, -18.761680603027344, -18.089889526367188, -17.41809844970703, -16.746307373046875, -16.07451629638672, -15.402725219726562, -14.730934143066406, -14.05914306640625, -13.387351989746094, -12.715560913085938, -12.043769836425781, -11.371978759765625, -10.700187683105469, -10.028396606445312, -9.356605529785156, -8.684814453125, -8.013023376464844, -7.3412322998046875, -6.669441223144531, -5.997650146484375, -5.325859069824219, -4.6540679931640625, -3.9822769165039062, -3.31048583984375, -2.6386947631835938, -1.9669036865234375, -1.2951126098632812, -0.6233196258544922, 0.04847145080566406, 0.7202625274658203, 1.3920536041259766, 2.063844680786133, 2.735635757446289, 3.4074268341064453, 4.079217910766602, 4.751008987426758, 5.422800064086914, 6.09459114074707, 6.766382217407227, 7.438173294067383, 8.109964370727539, 8.781755447387695, 9.453546524047852, 10.125337600708008, 10.797128677368164, 11.46891975402832, 12.140710830688477, 12.812501907348633, 13.484292984008789, 14.156084060668945, 14.827875137329102, 15.499666213989258, 16.171457290649414, 16.84324836730957, 17.515039443969727, 18.186830520629883, 18.85862159729004, 19.530412673950195, 20.20220375061035, 20.873994827270508]}, "gradients/Encoder.FC_var.bias": {"_type": "histogram", "values": [1.0, 0.0, 0.0, 0.0, 0.0, 0.0, 0.0, 0.0, 0.0, 0.0, 0.0, 0.0, 1.0, 2.0, 1.0, 0.0, 2.0, 0.0, 0.0, 0.0, 0.0, 0.0, 1.0, 0.0, 0.0, 0.0, 1.0, 1.0, 0.0, 0.0, 0.0, 0.0, 1.0, 0.0, 0.0, 0.0, 1.0, 0.0, 1.0, 0.0, 0.0, 0.0, 0.0, 1.0, 1.0, 0.0, 0.0, 1.0, 0.0, 1.0, 0.0, 1.0, 0.0, 0.0, 0.0, 0.0, 0.0, 1.0, 0.0, 0.0, 0.0, 0.0, 0.0, 1.0],