{"loss": 10781.251953125, "_timestamp": 1672946001.1288686, "_runtime": 124.37116050720215, "_step": 3001, "gradients/Decoder.FC_output.bias": {"_type": "histogram", "values": [2.0, 0.0, 0.0, 1.0, 0.0, 1.0, 1.0, 1.0, 1.0, 3.0, 2.0, 3.0, 2.0, 5.0, 2.0, 4.0, 5.0, 10.0, 15.0, 8.0, 16.0, 18.0, 14.0, 25.0, 17.0, 32.0, 36.0, 38.0, 282.0, 37.0, 27.0, 23.0, 33.0, 16.0, 9.0, 11.0, 14.0, 4.0, 13.0, 7.0, 11.0, 8.0, 2.0, 5.0, 1.0, 0.0, 2.0, 2.0, 2.0, 1.0, 1.0, 1.0, 2.0, 0.0, 0.0, 0.0, 0.0, 1.0, 2.0, 1.0, 1.0, 1.0, 1.0, 1.0], "bins": [-5.842919826507568, -5.634893894195557, -5.426867961883545, -5.218842029571533, -5.0108160972595215, -4.80279016494751, -4.59476375579834, -4.386737823486328, -4.178711891174316, -3.9706859588623047, -3.762660026550293, -3.5546340942382812, -3.3466081619262695, -3.138582229614258, -2.930556058883667, -2.7225301265716553, -2.5145044326782227, -2.306478500366211, -2.098452568054199, -1.890426516532898, -1.6824005842208862, -1.4743746519088745, -1.2663486003875732, -1.0583226680755615, -0.8502964973449707, -0.642270565032959, -0.4342445731163025, -0.226218581199646, -0.018192648887634277, 0.18983328342437744, 0.3978593349456787, 0.6058852672576904, 0.8139114379882812, 1.021937370300293, 1.2299633026123047, 1.437989354133606, 1.6460152864456177, 1.8540412187576294, 2.0620672702789307, 2.2700932025909424, 2.478118896484375, 2.6861448287963867, 2.8941707611083984, 3.10219669342041, 3.310222625732422, 3.5182485580444336, 3.7262747287750244, 3.934300661087036, 4.142326831817627, 4.350352764129639, 4.55837869644165, 4.766404628753662, 4.974430561065674, 5.1824564933776855, 5.3904829025268555, 5.598508834838867, 5.806534767150879, 6.014560699462891, 6.222586631774902, 6.430612564086914, 6.638638496398926, 6.8466644287109375, 7.054690361022949, 7.262716293334961, 7.470742225646973]}, "gradients/Decoder.FC_output.weight": {"_type": "histogram", "values": [1.0, 1.0, 0.0, 3.0, 6.0, 7.0, 13.0, 21.0, 39.0, 45.0, 73.0, 102.0, 133.0, 208.0, 285.0, 397.0, 567.0, 766.0, 1028.0, 1387.0, 1840.0, 2574.0, 3237.0, 4234.0, 5391.0, 7347.0, 8993.0, 11781.0, 15378.0, 20285.0, 147686.0, 20782.0, 13508.0, 10027.0, 7613.0, 6054.0, 4751.0, 3713.0, 2945.0, 2194.0, 1824.0, 1367.0, 1057.0, 858.0, 628.0, 526.0, 432.0, 341.0, 255.0, 210.0, 169.0, 120.0, 93.0, 79.0, 78.0, 46.0, 34.0, 27.0, 18.0, 8.0, 6.0, 2.0, 4.0, 3.0], "bins": [-10.248538970947266, -9.909863471984863, -9.571187973022461, -9.232512474060059, -8.893836975097656, -8.555161476135254, -8.216485977172852, -7.877810955047607, -7.539135456085205, -7.200459957122803, -6.8617844581604, -6.523109436035156, -6.184433937072754, -5.845758438110352, -5.507082939147949, -5.168407440185547, -4.8297319412231445, -4.491056442260742, -4.15238094329834, -3.8137056827545166, -3.4750301837921143, -3.136354684829712, -2.7976794242858887, -2.4590039253234863, -2.120328903198242, -1.7816534042358398, -1.442978024482727, -1.1043026447296143, -0.7656271457672119, -0.42695164680480957, -0.08827638626098633, 0.250399112701416, 0.589076042175293, 0.9277514815330505, 1.266426920890808, 1.605102300643921, 1.9437777996063232, 2.2824532985687256, 2.621128559112549, 2.959804058074951, 3.2984800338745117, 3.637155532836914, 3.9758310317993164, 4.314506530761719, 4.653182029724121, 4.991857528686523, 5.330532550811768, 5.66920804977417, 6.007883071899414, 6.346558570861816, 6.685234069824219, 7.023909568786621, 7.362585067749023, 7.701260566711426, 8.039936065673828, 8.378610610961914, 8.717287063598633, 9.055962562561035, 9.394638061523438, 9.73331356048584, 10.071989059448242, 10.410664558410645, 10.749340057373047, 11.088014602661133, 11.426690101623535]}, "gradients/Decoder.FC_hidden.bias": {"_type": "histogram", "values": [1.0, 1.0, 1.0, 0.0, 1.0, 2.0, 0.0, 2.0, 2.0, 1.0, 3.0, 5.0, 4.0, 4.0, 6.0, 5.0, 8.0, 4.0, 6.0, 7.0, 8.0, 10.0, 15.0, 19.0, 24.0, 20.0, 18.0, 13.0, 24.0, 21.0, 18.0, 11.0, 8.0, 19.0, 10.0, 13.0, 7.0, 14.0, 12.0, 8.0, 7.0, 8.0, 2.0, 3.0, 3.0, 2.0, 3.0, 2.0, 3.0, 0.0, 4.0, 3.0, 0.0, 2.0, 1.0, 0.0, 0.0, 0.0, 0.0, 0.0, 1.0, 0.0, 0.0, 1.0], "bins": [-15.301478385925293, -14.761938095092773, -14.22239875793457, -13.68285846710205, -13.143319129943848, -12.603778839111328, -12.064239501953125, -11.524699211120605, -10.985158920288086, -10.445618629455566, -9.906079292297363, -9.366539001464844, -8.82699966430664, -8.287459373474121, -7.74791955947876, -7.208379745483398, -6.668840408325195, -6.129300594329834, -5.589760780334473, -5.050220489501953, -4.51068115234375, -3.9711410999298096, -3.431601047515869, -2.892061233520508, -2.3525209426879883, -1.812981128692627, -1.273441195487976, -0.7339012622833252, -0.19436144828796387, 0.34517836570739746, 0.8847184181213379, 1.4242582321166992, 1.963796615600586, 2.5033364295959473, 3.0428762435913086, 3.582416296005249, 4.121955871582031, 4.661496162414551, 5.201035976409912, 5.740575790405273, 6.280115127563477, 6.819654941558838, 7.359194755554199, 7.898735046386719, 8.438274383544922, 8.977814674377441, 9.517354965209961, 10.056894302368164, 10.596434593200684, 11.135974884033203, 11.675514221191406, 12.215054512023926, 12.754593849182129, 13.294134140014648, 13.833673477172852, 14.373213768005371, 14.91275405883789, 15.45229434967041, 15.991833686828613, 16.531373977661133, 17.070913314819336, 17.61045265197754, 18.149993896484375, 18.689533233642578, 19.22907257080078]}, "gradients/Decoder.FC_hidden.weight": {"_type": "histogram", "values": [1.0, 0.0, 1.0, 0.0, 0.0, 1.0, 2.0, 1.0, 1.0, 0.0, 3.0, 6.0, 4.0, 8.0, 7.0, 12.0, 16.0, 24.0, 37.0, 65.0, 73.0, 97.0, 132.0, 189.0, 197.0, 258.0, 322.0, 367.0, 480.0, 505.0, 570.0, 590.0, 609.0, 533.0, 487.0, 437.0, 389.0, 345.0, 269.0, 234.0, 180.0, 121.0, 95.0, 79.0, 65.0, 51.0, 32.0, 33.0, 14.0, 16.0, 9.0, 9.0, 7.0, 4.0, 3.0, 3.0, 1.0, 1.0, 2.0, 0.0, 1.0, 0.0, 0.0, 2.0], "bins": [-24.220996856689453, -23.470155715942383, -22.719314575195312, -21.968473434448242, -21.217632293701172, -20.4667911529541, -19.71595001220703, -18.965106964111328, -18.21426773071289, -17.46342658996582, -16.71258544921875, -15.96174430847168, -15.21090316772461, -14.460062026977539, -13.709219932556152, -12.958378791809082, -12.207536697387695, -11.456695556640625, -10.705854415893555, -9.955013275146484, -9.204172134399414, -8.453330993652344, -7.702488899230957, -6.951647758483887, -6.2008056640625, -5.44996452331543, -4.699123382568359, -3.948281764984131, -3.1974406242370605, -2.4465994834899902, -1.6957578659057617, -0.9449167251586914, -0.1940765380859375, 0.5567647218704224, 1.3076059818267822, 2.0584473609924316, 2.809288501739502, 3.5601296424865723, 4.310971260070801, 5.061812400817871, 5.812652587890625, 6.563493728637695, 7.314334869384766, 8.065176010131836, 8.816017150878906, 9.566858291625977, 10.317700386047363, 11.068541526794434, 11.81938362121582, 12.57022476196289, 13.321065902709961, 14.071907043457031, 14.822748184204102, 15.573589324951172, 16.324432373046875, 17.075271606445312, 17.826114654541016, 18.576955795288086, 19.327796936035156, 20.078638076782227, 20.829479217529297, 21.580320358276367, 22.331161499023438, 23.08200454711914, 23.832843780517578]}, "gradients/Encoder.FC_var.bias": {"_type": "histogram", "values": [1.0, 0.0, 0.0, 0.0, 0.0, 0.0, 0.0, 0.0, 0.0, 0.0, 0.0, 1.0, 0.0, 0.0, 0.0, 0.0, 0.0, 0.0, 1.0, 0.0, 0.0, 0.0, 0.0, 0.0, 1.0, 1.0, 1.0, 0.0, 1.0, 2.0, 0.0, 0.0, 0.0, 2.0, 1.0, 1.0, 0.0, 1.0, 0.0, 0.0, 0.0, 1.0, 0.0, 0.0, 0.0, 0.0, 0.0, 1.0, 1.0, 0.0, 0.0, 1.0, 0.0, 0.0, 0.0, 0.0, 0.0, 0.0, 1.0, 0.0, 0.0, 0.0, 0.0, 1.0],